student_id,academic_year,name,dob,stream,semester,cgpa,known_skills,certification,projects_completed,internship_months,communication_score,technical_score,aptitude_score,problem_solving_score,resume_score,github_projects,coding_level,preferred_domain,career_goal,soft_skills,readiness_score,skill_gap,employment_status
1001,2024-25,Rohan Sharma,2004-09-27,B.Tech CSE,4,8.3,Statistics; Pandas; Python; NumPy,Python Web Development,5,2,94,65,91,69,90,3,Advanced,Data Science,Cloud Engineer,Leadership; Problem Solving,78,Linux; AWS,Internship
1002,2024-25,Palak Tiwari,2005-05-08,B.Tech IT,4,6.0,Linux; Git; Docker; AWS,DSA with C++,3,4,61,57,88,56,80,2,Intermediate,Cloud Computing,Data Analyst,Leadership; Communication,63,Power BI; Statistics,Employed
1003,2024-25,Ankit Verma,2003-08-27,B.Tech CSE,6,7.0,Linux; Wireshark; Cyber Security; Networking; Python,Machine Learning Fundamentals,4,3,53,71,59,63,86,7,Intermediate,Cyber Security,Data Analyst,Communication; Teamwork,70,Power BI; Advanced SQL,Employed
1004,2024-25,Sahil Khan,2006-05-10,B.Sc CS,7,9.6,Pandas; NumPy; Python; Machine Learning; TensorFlow,Database Fundamentals,0,6,86,77,64,65,76,2,Beginner,AI/ML,Cloud Engineer,Leadership; Communication,71,Linux; AWS,Employed
1005,2024-25,Manish Solanki,2005-09-19,MCA,6,8.0,HTML; JavaScript; Node.js; React; CSS,Web Development,4,4,61,72,46,92,60,0,Intermediate,Web Development,Database Administrator,Leadership; Problem Solving,66,Database Administration; Advanced SQL,Job Seeking
1006,2024-25,Sahil Malviya,2005-06-24,B.Sc CS,8,7.2,Python; Linux; Wireshark; Networking; Cyber Security,AWS Cloud Practitioner,6,0,76,54,80,79,74,1,Beginner,Cyber Security,Database Administrator,Presentation; Communication,65,Backup & Recovery; Database Administration,Job Seeking
1007,2024-25,Karan Verma,2004-03-03,BCA,4,7.0,Python; Networking; Cyber Security; Linux,Python for Data Science,5,0,88,67,52,50,49,0,Advanced,Cyber Security,Cyber Security Analyst,Problem Solving; Teamwork,58,SIEM; Linux,Employed
1008,2024-25,Ayush Pawar,2003-01-21,MCA,7,7.6,Node.js; HTML,AWS Cloud Practitioner,4,6,51,66,90,73,78,2,Advanced,Web Development,Database Administrator,Communication; Teamwork,73,Database Administration; Advanced SQL,Job Seeking
1009,2024-25,Isha Sharma,2005-01-08,B.Tech IT,8,8.5,Git; DSA,SQL for Beginners,3,3,53,79,64,89,85,3,Advanced,Software Development,Data Scientist,Leadership; Problem Solving,72,Statistics; SQL,Job Seeking
1010,2024-25,Rohan Mishra,2003-08-13,MCA,4,8.7,Linux; Networking; Wireshark; Python; Cyber Security,AWS Cloud Practitioner,6,0,72,86,70,74,88,0,Beginner,Cyber Security,Cyber Security Analyst,Presentation; Communication,71,Networking; SIEM,Internship
1011,2024-25,Mohit Patel,2005-04-23,B.Tech IT,8,7.7,SQL; DSA; C++,Java Programming,6,0,50,65,49,52,92,7,Beginner,Software Development,Python Developer,Leadership; Communication,66,Git; REST API,Job Seeking
1012,2024-25,Gaurav Yadav,2003-01-24,MCA,4,9.7,MongoDB; MySQL; Python,Python Web Development,1,0,91,80,92,75,46,6,Intermediate,Database,Data Analyst,Leadership; Problem Solving,71,Power BI; Advanced SQL,Higher Studies
1013,2024-25,Vivek Thakur,2005-10-15,B.Sc CS,8,7.2,Wireshark; Cyber Security,Database Fundamentals,4,0,71,73,54,82,69,4,Advanced,Cyber Security,Web Developer,Presentation; Communication,67,REST API; JavaScript,Job Seeking
1014,2024-25,Manish Malviya,2004-03-27,B.Sc IT,7,7.2,Linux; Python; Wireshark; Networking,Data Visualization,6,0,93,58,64,62,57,0,Intermediate,Cyber Security,Cloud Engineer,Teamwork; Time Management,61,Linux; AWS,Job Seeking
1015,2024-25,Aditya Patel,2003-06-03,BCA,8,6.7,Java; Git; C++,Web Development,5,0,75,54,95,50,87,1,Beginner,Software Development,Web Developer,Leadership; Communication,64,React; REST API,Internship
1016,2024-25,Kriti Chouhan,2006-11-11,BCA,6,7.8,Tableau; Excel,Cyber Security Fundamentals,5,1,73,76,77,76,68,6,Beginner,Data Analytics,Python Developer,Communication; Teamwork,75,REST API; Django,Employed
1017,2024-25,Varun Solanki,2006-12-12,MCA,5,6.7,React; Node.js; CSS,Python Web Development,1,6,84,62,83,77,90,2,Intermediate,Web Development,Cloud Engineer,Teamwork; Time Management,69,Linux; AWS,Higher Studies
1018,2024-25,Rahul Thakur,2005-08-23,BCA,4,8.6,Git; Java,Web Development,4,0,61,69,55,55,55,3,Beginner,Software Development,Cyber Security Analyst,Presentation; Communication,62,SIEM; Networking,Employed
1019,2024-25,Yash Solanki,2005-03-27,B.Tech CSE,7,8.4,Java; SQL,AWS Cloud Practitioner,2,0,76,84,64,59,51,2,Beginner,Software Development,Python Developer,Teamwork; Time Management,61,Git; Django,Internship
1020,2024-25,Sneha Thakur,2005-12-11,B.Tech IT,5,8.9,NumPy; Pandas; TensorFlow,Cyber Security Fundamentals,6,0,72,84,64,57,83,7,Advanced,AI/ML,Cloud Engineer,Presentation; Communication,75,Linux; Docker,Job Seeking
1021,2024-25,Sneha Mehta,2003-02-23,BCA,6,7.3,C++; SQL; Git; Java; DSA,Database Fundamentals,4,3,90,75,88,68,55,3,Advanced,Software Development,Cloud Engineer,Problem Solving; Teamwork,72,Linux; Docker,Internship
1022,2024-25,Preeti Rathore,2005-04-18,B.Tech IT,4,6.8,Database Design; Python,SQL for Beginners,0,4,82,51,71,71,92,5,Advanced,Database,Cyber Security Analyst,Problem Solving; Teamwork,65,SIEM; Linux,Job Seeking
1023,2024-25,Arjun Chouhan,2005-06-25,B.Tech CSE,7,9.5,Linux; Git; AWS; Python; Docker,Machine Learning Fundamentals,5,3,94,87,62,78,63,3,Intermediate,Cloud Computing,Python Developer,Leadership; Problem Solving,80,REST API; Git,Job Seeking
1024,2024-25,Gaurav Soni,2005-02-24,BCA,7,6.8,MongoDB; SQL; Python,Machine Learning Fundamentals,6,0,54,68,81,95,84,3,Beginner,Database,Cyber Security Analyst,Leadership; Communication,69,Linux; SIEM,Higher Studies
1025,2024-25,Riya Sharma,2003-05-23,B.Tech IT,5,6.0,TensorFlow; Pandas,Machine Learning Fundamentals,6,0,83,62,93,65,49,7,Beginner,AI/ML,Web Developer,Teamwork; Time Management,67,REST API; JavaScript,Employed
1026,2024-25,Preeti Soni,2004-07-26,B.Tech CSE,7,7.9,JavaScript; CSS; Node.js,Database Fundamentals,4,6,63,61,69,63,82,1,Intermediate,Web Development,Cyber Security Analyst,Teamwork; Time Management,70,Linux; Networking,Job Seeking
1027,2024-25,Neha Singh,2003-02-01,MCA,7,8.9,SQL; Database Design,Data Visualization,3,0,91,72,95,83,85,4,Advanced,Database,Data Scientist,Presentation; Communication,76,SQL; Machine Learning,Job Seeking
1028,2024-25,Isha Malviya,2003-11-20,B.Sc CS,7,8.4,Statistics; NumPy; Pandas,Machine Learning Fundamentals,1,6,77,67,50,56,50,1,Advanced,Data Science,Cloud Engineer,Presentation; Communication,62,Docker; AWS,Job Seeking
1029,2024-25,Vivek Joshi,2006-02-17,B.Tech IT,8,7.8,Statistics; Pandas; SQL; Python,Web Development,3,2,58,80,76,74,78,0,Beginner,Data Science,Software Developer,Communication; Teamwork,65,Git; DSA,Internship
1030,2024-25,Manish Rathore,2006-08-28,BCA,8,7.1,React; JavaScript,Python Web Development,6,4,89,69,45,87,46,6,Beginner,Web Development,Python Developer,Problem Solving; Teamwork,74,Git; Django,Employed
1031,2024-25,Priya Pawar,2004-08-13,B.Tech IT,6,8.1,DSA; Git; C++; Java; SQL,Python for Data Science,1,4,79,70,90,74,56,6,Beginner,Software Development,Cloud Engineer,Teamwork; Time Management,71,Docker; Linux,Job Seeking
1032,2024-25,Naman Jain,2006-02-08,B.Sc CS,5,8.3,SQL; Statistics,SQL for Beginners,2,4,63,67,46,52,64,0,Advanced,Data Science,Python Developer,Presentation; Communication,58,Git; REST API,Job Seeking
1033,2024-25,Shreya Soni,2006-12-02,B.Sc CS,7,6.8,Git; DSA,Machine Learning Fundamentals,4,1,68,54,68,88,63,7,Advanced,Software Development,Data Analyst,Communication; Teamwork,67,Advanced SQL; Power BI,Job Seeking
1034,2024-25,Raj Agarwal,2004-07-23,B.Sc IT,7,8.0,DSA; C++; Git,Java Programming,3,6,92,81,54,89,77,4,Advanced,Software Development,Cyber Security Analyst,Teamwork; Time Management,79,Networking; Linux,Job Seeking
1035,2024-25,Arjun Malviya,2004-11-07,B.Tech CSE,8,7.1,Python; Wireshark; Cyber Security,AWS Cloud Practitioner,4,0,86,55,77,52,61,4,Advanced,Cyber Security,Database Administrator,Teamwork; Time Management,64,Database Administration; Backup & Recovery,Job Seeking
1036,2024-25,Tanvi Chouhan,2003-07-23,BCA,6,8.3,SQL; Power BI; Python; Tableau; Excel,DSA with C++,6,1,90,75,83,79,68,6,Beginner,Data Analytics,Software Developer,Teamwork; Time Management,78,OOP; DSA,Internship
1037,2024-25,Mansi Soni,2005-02-17,B.Tech IT,5,8.5,AWS; Python,Python Web Development,5,0,71,78,52,95,53,7,Beginner,Cloud Computing,Cloud Engineer,Leadership; Communication,73,AWS; Linux,Job Seeking
1038,2024-25,Ankit Agarwal,2003-04-15,BCA,6,8.0,Git; Java,Data Visualization,3,2,79,65,61,72,57,7,Beginner,Software Development,Database Administrator,Leadership; Problem Solving,68,Advanced SQL; Database Administration,Job Seeking
1039,2024-25,Naman Khan,2004-11-12,B.Tech CSE,5,7.7,Linux; AWS; Docker; Git; Python,Data Visualization,3,4,64,75,70,75,91,5,Advanced,Cloud Computing,Software Developer,Leadership; Problem Solving,75,OOP; DSA,Internship
1040,2024-25,Mohit Sharma,2006-10-13,B.Sc IT,6,6.3,Power BI; Excel; Tableau,Java Programming,4,3,56,55,48,90,71,7,Intermediate,Data Analytics,AI/ML Engineer,Leadership; Communication,66,Statistics; TensorFlow,Job Seeking
1041,2024-25,Simran Joshi,2004-04-17,BCA,7,6.5,Linux; AWS; Git,Web Development,6,0,93,54,56,66,84,2,Intermediate,Cloud Computing,Cloud Engineer,Leadership; Problem Solving,64,Linux; Docker,Job Seeking
1042,2024-25,Tanvi Thakur,2004-02-28,MCA,8,6.2,HTML; JavaScript; React,Machine Learning Fundamentals,0,0,62,56,94,81,45,1,Beginner,Web Development,Cloud Engineer,Leadership; Communication,50,Docker; Linux,Job Seeking
1043,2024-25,Anjali Solanki,2006-03-23,B.Sc IT,8,7.2,SQL; Python; Tableau; Power BI; Excel,SQL for Beginners,6,3,65,59,58,68,48,5,Intermediate,Data Analytics,AI/ML Engineer,Communication; Teamwork,68,TensorFlow; Statistics,Employed
1044,2024-25,Tanvi Mishra,2003-11-12,B.Sc CS,8,6.5,Java; Git; C++; SQL; DSA,Data Visualization,5,4,93,54,63,89,62,3,Intermediate,Software Development,Cyber Security Analyst,Leadership; Problem Solving,71,SIEM; Linux,Higher Studies
1045,2024-25,Ravi Agarwal,2003-05-11,BCA,4,7.2,Cyber Security; Python; Wireshark,SQL for Beginners,5,6,50,71,49,68,56,2,Beginner,Cyber Security,Database Administrator,Teamwork; Time Management,68,Database Administration; Advanced SQL,Internship
1046,2024-25,Simran Mishra,2005-07-15,BCA,5,8.9,SQL; Database Design; MySQL; Python; MongoDB,Machine Learning Fundamentals,5,4,76,71,49,80,49,2,Intermediate,Database,Cloud Engineer,Presentation; Communication,72,Linux; AWS,Job Seeking
1047,2024-25,Yash Agarwal,2004-11-08,B.Sc CS,7,7.6,Pandas; Statistics; SQL; Python; NumPy,SQL for Beginners,2,1,88,65,56,86,47,4,Intermediate,Data Science,Software Developer,Leadership; Problem Solving,64,Git; DSA,Job Seeking
1048,2024-25,Shreya Solanki,2004-05-13,BCA,4,6.7,NumPy; Machine Learning; Pandas; Python; TensorFlow,DSA with C++,5,3,87,55,59,61,69,5,Intermediate,AI/ML,Python Developer,Leadership; Problem Solving,70,Django; Git,Job Seeking
1049,2024-25,Kriti Patel,2006-10-27,B.Sc IT,6,9.2,Java; SQL; C++; DSA; Git,Power BI Data Analytics,0,1,73,87,90,78,53,5,Beginner,Software Development,Web Developer,Presentation; Communication,69,JavaScript; React,Internship
1050,2024-25,Aarav Thakur,2004-06-10,MCA,6,7.8,Python; AWS; Git,SQL for Beginners,4,6,51,78,95,75,75,5,Intermediate,Cloud Computing,Python Developer,Problem Solving; Teamwork,80,Git; Django,Job Seeking
1051,2024-25,Riya Jain,2004-02-18,B.Tech IT,6,6.6,Java; C++,Python for Data Science,0,3,67,59,66,83,50,4,Advanced,Software Development,Cloud Engineer,Presentation; Communication,58,AWS; Docker,Job Seeking
1052,2024-25,Vikas Patel,2003-12-04,B.Tech IT,8,9.3,MySQL; Database Design; SQL; MongoDB,Database Fundamentals,5,6,58,92,60,84,66,0,Advanced,Database,Cyber Security Analyst,Teamwork; Time Management,77,Linux; SIEM,Job Seeking
1053,2024-25,Rahul Sharma,2003-03-21,B.Sc CS,5,9.0,TensorFlow; Python,Database Fundamentals,1,6,79,81,56,92,59,2,Advanced,AI/ML,Database Administrator,Leadership; Communication,72,Advanced SQL; Database Administration,Internship
1054,2024-25,Manish Verma,2005-02-18,BCA,7,7.2,Python; Database Design,Machine Learning Fundamentals,1,0,53,74,88,66,57,6,Intermediate,Database,Software Developer,Leadership; Problem Solving,61,Git; OOP,Internship
1055,2024-25,Akash Verma,2005-06-07,MCA,4,8.2,MongoDB; Database Design; MySQL,Data Visualization,2,4,77,68,79,61,81,2,Advanced,Database,Software Developer,Teamwork; Time Management,69,DSA; OOP,Job Seeking
1056,2024-25,Isha Yadav,2005-01-05,B.Tech IT,5,8.0,SQL; Database Design; Python; MySQL,Database Fundamentals,2,0,68,77,48,63,52,5,Beginner,Database,Data Scientist,Presentation; Communication,62,SQL; Statistics,Employed
1057,2024-25,Raj Singh,2004-03-03,B.Tech CSE,8,8.0,Python; Linux; Docker; AWS,Cyber Security Fundamentals,5,6,66,81,90,76,66,7,Intermediate,Cloud Computing,Data Scientist,Presentation; Communication,83,Statistics; SQL,Job Seeking
1058,2024-25,Mansi Pawar,2004-05-24,B.Sc IT,8,8.6,NumPy; TensorFlow,SQL for Beginners,1,3,80,85,88,76,68,0,Advanced,AI/ML,Data Scientist,Teamwork; Time Management,67,Statistics; Machine Learning,Internship
1059,2024-25,Ravi Patel,2003-03-12,BCA,8,7.1,Python; NumPy; Pandas; TensorFlow; Machine Learning,Data Visualization,0,1,64,64,88,73,51,6,Advanced,AI/ML,Cloud Engineer,Problem Solving; Teamwork,60,Docker; AWS,Job Seeking
1060,2024-25,Tanvi Agarwal,2005-09-17,B.Sc IT,5,8.3,SQL; Git; Java; DSA; C++,DSA with C++,0,2,69,80,74,61,83,1,Intermediate,Software Development,Cloud Engineer,Problem Solving; Teamwork,61,Linux; AWS,Internship
1061,2024-25,Abhishek Thakur,2005-09-14,B.Tech CSE,8,9.1,Java; DSA; SQL; C++,Python for Data Science,6,0,86,91,59,86,84,5,Intermediate,Software Development,AI/ML Engineer,Leadership; Problem Solving,80,TensorFlow; Deep Learning,Internship
1062,2024-25,Ayesha Mehta,2003-10-27,B.Tech IT,8,6.9,NumPy; Python; Pandas; TensorFlow,Power BI Data Analytics,2,4,74,57,60,55,81,5,Advanced,AI/ML,Database Administrator,Leadership; Communication,66,Database Administration; Backup & Recovery,Job Seeking
1063,2024-25,Nikita Agarwal,2006-07-08,MCA,7,8.6,Wireshark; Networking,Machine Learning Fundamentals,1,0,90,82,61,90,64,7,Intermediate,Cyber Security,Data Scientist,Problem Solving; Teamwork,69,Statistics; Machine Learning,Internship
1064,2024-25,Arjun Joshi,2005-05-09,BCA,6,6.3,Node.js; JavaScript; CSS; HTML; React,Data Visualization,5,3,58,59,62,75,53,7,Advanced,Web Development,Data Analyst,Leadership; Problem Solving,67,Power BI; Advanced SQL,Job Seeking
1065,2024-25,Aarav Jain,2006-05-16,B.Sc CS,4,8.9,Linux; AWS; Docker; Git,SQL for Beginners,6,1,94,72,91,70,45,5,Advanced,Cloud Computing,Data Analyst,Communication; Teamwork,77,Advanced SQL; Power BI,Employed
1066,2024-25,Manish Jain,2003-08-03,BCA,5,8.3,JavaScript; CSS,Cyber Security Fundamentals,6,3,82,75,87,88,55,5,Beginner,Web Development,Data Analyst,Leadership; Problem Solving,80,Statistics; Power BI,Internship
1067,2024-25,Ritik Malviya,2003-07-03,MCA,5,8.1,MySQL; Python; Database Design,AWS Cloud Practitioner,2,4,88,72,65,72,63,3,Beginner,Database,Cyber Security Analyst,Problem Solving; Teamwork,69,Networking; Linux,Internship
1068,2024-25,Rohan Jain,2006-02-10,MCA,6,7.3,Statistics; NumPy,Database Fundamentals,3,6,70,73,57,68,86,1,Beginner,Data Science,AI/ML Engineer,Leadership; Communication,69,Deep Learning; TensorFlow,Job Seeking
1069,2024-25,Neha Chouhan,2003-06-04,MCA,5,7.7,SQL; Tableau; Excel; Python; Power BI,AWS Cloud Practitioner,1,0,68,63,53,94,85,3,Beginner,Data Analytics,Cyber Security Analyst,Communication; Teamwork,61,Networking; SIEM,Employed
1070,2024-25,Deepak Soni,2004-10-18,B.Sc IT,8,7.0,Cyber Security; Wireshark; Networking; Python; Linux,Machine Learning Fundamentals,6,2,87,69,76,74,67,0,Intermediate,Cyber Security,Cyber Security Analyst,Presentation; Communication,67,SIEM; Networking,Job Seeking
1071,2024-25,Pooja Soni,2003-04-11,B.Sc CS,6,7.0,SQL; Pandas; NumPy,Data Visualization,1,0,90,59,77,87,78,6,Intermediate,Data Science,AI/ML Engineer,Presentation; Communication,65,TensorFlow; Statistics,Employed
1072,2024-25,Varun Sharma,2004-07-17,BCA,8,8.2,Machine Learning; NumPy; Pandas; Python; TensorFlow,Database Fundamentals,5,3,74,69,88,76,80,2,Intermediate,AI/ML,Database Administrator,Leadership; Communication,75,Backup & Recovery; Database Administration,Internship
1073,2024-25,Manish Yadav,2005-09-19,B.Tech IT,6,7.5,Linux; Docker,Power BI Data Analytics,3,0,71,73,85,72,51,0,Beginner,Cloud Computing,Web Developer,Leadership; Communication,60,JavaScript; React,Job Seeking
1074,2024-25,Varun Mehta,2004-08-22,B.Tech CSE,4,8.4,Power BI; Excel; Python; Tableau; SQL,Power BI Data Analytics,6,2,65,70,92,75,86,2,Intermediate,Data Analytics,Data Analyst,Leadership; Communication,75,Advanced SQL; Power BI,Internship
1075,2024-25,Meenal Tiwari,2005-05-13,B.Tech CSE,7,7.8,C++; Git,Python Web Development,6,6,68,65,46,75,70,1,Beginner,Software Development,Data Analyst,Problem Solving; Teamwork,71,Statistics; Advanced SQL,Job Seeking
1076,2024-25,Sakshi Verma,2003-08-17,B.Tech IT,8,8.6,SQL; DSA; Git; C++; Java,Cyber Security Fundamentals,2,2,53,78,84,82,73,5,Beginner,Software Development,Software Developer,Leadership; Communication,72,OOP; Git,Job Seeking
1077,2024-25,Nikita Chouhan,2004-12-21,B.Tech IT,8,6.4,AWS; Python,AWS Cloud Practitioner,2,0,81,64,58,58,91,0,Beginner,Cloud Computing,Cloud Engineer,Communication; Teamwork,55,Docker; Linux,Internship
1078,2024-25,Gaurav Joshi,2003-06-23,MCA,7,9.4,Statistics; NumPy; Pandas; SQL,Java Programming,2,0,73,91,57,53,60,0,Intermediate,Data Science,Database Administrator,Leadership; Problem Solving,61,Backup & Recovery; Database Administration,Internship
1079,2024-25,Komal Joshi,2004-04-03,B.Tech IT,5,7.0,CSS; Node.js; JavaScript,Python for Data Science,4,1,87,54,67,54,54,5,Beginner,Web Development,Python Developer,Teamwork; Time Management,65,Git; REST API,Employed
1080,2024-25,Aditi Tiwari,2006-07-07,BCA,5,9.5,Statistics; SQL; NumPy; Pandas; Python,Machine Learning Fundamentals,0,6,79,93,46,79,45,6,Beginner,Data Science,Cloud Engineer,Leadership; Communication,73,Docker; Linux,Employed
1081,2024-25,Ankit Jain,2004-02-05,B.Tech IT,6,6.4,Linux; Git,Data Visualization,5,0,56,56,58,65,81,7,Intermediate,Cloud Computing,Cyber Security Analyst,Problem Solving; Teamwork,64,Networking; Linux,Employed
1082,2024-25,Akash Gupta,2006-08-07,B.Sc CS,6,8.1,Pandas; TensorFlow; Machine Learning,AWS Cloud Practitioner,2,3,74,63,71,66,49,6,Beginner,AI/ML,Database Administrator,Teamwork; Time Management,67,Advanced SQL; Database Administration,Internship
1083,2024-25,Akash Rathore,2004-10-14,B.Tech IT,7,7.7,Machine Learning; Pandas,Cyber Security Fundamentals,4,3,77,78,66,56,71,6,Intermediate,AI/ML,Data Analyst,Leadership; Communication,73,Advanced SQL; Statistics,Job Seeking
1084,2024-25,Kavya Yadav,2005-05-27,B.Tech CSE,8,7.9,Excel; SQL; Tableau; Python; Power BI,Data Visualization,1,1,51,67,81,85,73,1,Beginner,Data Analytics,Web Developer,Leadership; Problem Solving,60,React; REST API,Job Seeking
1085,2024-25,Muskan Sharma,2003-07-11,B.Sc IT,4,8.2,C++; Java; DSA,Machine Learning Fundamentals,1,1,52,75,80,67,58,3,Beginner,Software Development,AI/ML Engineer,Leadership; Communication,61,Statistics; Deep Learning,Job Seeking
1086,2024-25,Dev Solanki,2006-06-05,B.Tech CSE,7,9.7,Networking; Python; Wireshark,DSA with C++,0,6,62,96,53,79,84,0,Beginner,Cyber Security,Python Developer,Presentation; Communication,70,Django; REST API,Job Seeking
1087,2024-25,Abhishek Gupta,2006-10-04,B.Sc CS,5,8.4,Python; Machine Learning; Pandas; TensorFlow,Web Development,2,0,82,83,75,56,68,1,Beginner,AI/ML,Web Developer,Presentation; Communication,63,REST API; React,Internship
1088,2024-25,Tanvi Solanki,2006-10-23,B.Sc CS,4,8.1,AWS; Docker; Linux; Python,Python Web Development,6,3,70,76,93,85,95,4,Beginner,Cloud Computing,Web Developer,Leadership; Problem Solving,82,REST API; JavaScript,Employed
1089,2024-25,Aditya Joshi,2005-03-22,MCA,8,9.4,AWS; Git; Docker; Linux,Database Fundamentals,6,4,89,88,95,76,75,4,Advanced,Cloud Computing,Cyber Security Analyst,Presentation; Communication,86,SIEM; Networking,Internship
1090,2024-25,Meenal Singh,2003-03-09,B.Sc IT,7,6.6,Linux; AWS; Python; Git,Python Web Development,1,0,56,53,46,74,85,6,Beginner,Cloud Computing,Database Administrator,Presentation; Communication,56,Backup & Recovery; Database Administration,Job Seeking
1091,2024-25,Aarav Verma,2005-06-11,BCA,4,9.4,Python; SQL; Statistics; Pandas; NumPy,Cyber Security Fundamentals,3,2,77,88,90,57,88,2,Advanced,Data Science,Data Scientist,Leadership; Communication,75,Machine Learning; Statistics,Job Seeking
1092,2024-25,Simran Khan,2004-07-25,B.Tech CSE,7,9.2,Networking; Wireshark; Linux; Python; Cyber Security,Web Development,2,3,78,75,54,74,95,1,Intermediate,Cyber Security,Cloud Engineer,Presentation; Communication,69,Linux; Docker,Job Seeking
1093,2024-25,Sakshi Joshi,2005-09-25,MCA,6,9.0,TensorFlow; Python; Machine Learning; Pandas; NumPy,Java Programming,5,0,51,87,95,77,81,0,Intermediate,AI/ML,Python Developer,Problem Solving; Teamwork,71,REST API; Git,Job Seeking
1094,2024-25,Yash Soni,2003-08-02,B.Sc IT,8,8.6,SQL; Python; Database Design; MongoDB; MySQL,Python for Data Science,6,3,87,68,72,88,73,0,Intermediate,Database,Data Analyst,Leadership; Communication,73,Statistics; Advanced SQL,Job Seeking
1095,2024-25,Aditya Agarwal,2006-05-08,B.Tech CSE,8,8.5,Database Design; SQL,DSA with C++,3,0,81,85,95,65,56,5,Beginner,Database,Web Developer,Problem Solving; Teamwork,72,React; JavaScript,Job Seeking
1096,2024-25,Ankit Solanki,2005-06-15,B.Sc CS,8,6.5,JavaScript; Node.js; React,Python Web Development,4,4,83,55,87,64,95,4,Intermediate,Web Development,Cloud Engineer,Teamwork; Time Management,73,Linux; Docker,Job Seeking
1097,2024-25,Harsh Malviya,2004-03-08,B.Sc IT,4,8.8,AWS; Docker,Web Development,2,3,63,84,75,86,70,4,Advanced,Cloud Computing,Software Developer,Communication; Teamwork,73,Git; OOP,Internship
1098,2024-25,Abhishek Rathore,2005-10-18,B.Sc CS,7,7.1,C++; Git; SQL,Machine Learning Fundamentals,4,0,59,69,54,89,95,5,Advanced,Software Development,Python Developer,Communication; Teamwork,69,REST API; Git,Job Seeking
1099,2024-25,Nikita Patel,2006-06-07,MCA,5,7.7,Linux; Cyber Security; Python; Wireshark,Database Fundamentals,5,0,93,73,63,75,58,4,Beginner,Cyber Security,Web Developer,Communication; Teamwork,71,React; REST API,Job Seeking
1100,2024-25,Aditya Solanki,2006-06-23,B.Tech IT,4,9.5,MySQL; SQL; Database Design; MongoDB,DSA with C++,0,2,69,75,91,69,71,2,Advanced,Database,Database Administrator,Presentation; Communication,66,Advanced SQL; Backup & Recovery,Employed
1101,2025-26,Gaurav Rathore,2005-12-17,BCA,2,8.8,Pandas; Statistics,Python Web Development,3,1,84,89,78,68,67,3,Intermediate,Data Science,Web Developer,Communication; Teamwork,72,REST API; JavaScript,Job Seeking
1102,2025-26,Akash Agarwal,2003-12-11,B.Sc IT,3,7.7,SQL; MySQL; Database Design; MongoDB; Python,Java Programming,4,2,79,70,79,53,77,6,Advanced,Database,Python Developer,Communication; Teamwork,72,Git; Django,Internship
1103,2025-26,Sahil Pawar,2005-04-15,MCA,5,7.1,Python; Networking; Wireshark,DSA with C++,1,0,67,60,60,61,57,6,Beginner,Cyber Security,Python Developer,Problem Solving; Teamwork,57,Django; Git,Job Seeking
1104,2025-26,Ritik Yadav,2005-05-06,B.Tech CSE,5,6.1,MySQL; Python; MongoDB; SQL; Database Design,Power BI Data Analytics,3,1,54,51,74,80,95,2,Intermediate,Database,Cloud Engineer,Leadership; Communication,60,AWS; Linux,Higher Studies
1105,2025-26,Mohit Jain,2006-04-10,B.Sc CS,2,8.5,Wireshark; Networking,Cyber Security Fundamentals,5,4,53,67,60,75,62,0,Intermediate,Cyber Security,Software Developer,Communication; Teamwork,67,Git; OOP,Job Seeking
1106,2025-26,Yash Mishra,2004-05-15,B.Tech CSE,5,7.6,Git; Docker; Python; Linux; AWS,Cyber Security Fundamentals,3,1,61,75,93,69,86,6,Intermediate,Cloud Computing,AI/ML Engineer,Problem Solving; Teamwork,72,TensorFlow; Deep Learning,Employed
1107,2025-26,Sakshi Gupta,2006-06-15,B.Sc CS,3,8.6,Networking; Cyber Security,Data Visualization,6,2,80,86,85,52,55,2,Intermediate,Cyber Security,Cloud Engineer,Problem Solving; Teamwork,73,AWS; Linux,Job Seeking
1108,2025-26,Nisha Soni,2005-06-14,B.Sc IT,5,7.0,Python; MongoDB; MySQL; SQL,Power BI Data Analytics,1,1,56,69,68,68,92,6,Advanced,Database,Cloud Engineer,Problem Solving; Teamwork,63,AWS; Docker,Job Seeking
1109,2025-26,Naman Soni,2004-05-02,B.Sc IT,3,9.2,Cyber Security; Wireshark; Networking; Linux,Cyber Security Fundamentals,0,6,57,78,81,81,66,1,Advanced,Cyber Security,Database Administrator,Leadership; Communication,68,Database Administration; Advanced SQL,Job Seeking
1110,2025-26,Nikita Tiwari,2003-10-13,B.Tech IT,4,6.6,Database Design; MongoDB,Power BI Data Analytics,4,1,71,68,52,69,80,0,Intermediate,Database,Cloud Engineer,Leadership; Problem Solving,60,Linux; AWS,Job Seeking
1111,2025-26,Muskan Joshi,2005-01-11,B.Tech IT,5,7.5,NumPy; Pandas; Machine Learning; TensorFlow; Python,AWS Cloud Practitioner,6,2,89,74,51,78,64,0,Advanced,AI/ML,Database Administrator,Presentation; Communication,67,Backup & Recovery; Database Administration,Job Seeking
1112,2025-26,Aditi Thakur,2003-07-10,MCA,3,6.6,Pandas; SQL,Power BI Data Analytics,3,3,88,64,45,84,82,2,Intermediate,Data Science,Cloud Engineer,Presentation; Communication,66,Docker; Linux,Job Seeking
1113,2025-26,Varun Patel,2006-04-28,MCA,3,6.8,AWS; Git; Linux; Docker,Data Visualization,3,2,85,52,45,64,61,2,Advanced,Cloud Computing,Web Developer,Communication; Teamwork,58,React; JavaScript,Employed
1114,2025-26,Pooja Sharma,2004-07-26,B.Sc IT,4,6.6,Linux; AWS; Python,SQL for Beginners,1,4,78,58,91,60,91,1,Advanced,Cloud Computing,Python Developer,Communication; Teamwork,63,Django; REST API,Internship
1115,2025-26,Vivek Khan,2003-08-21,B.Tech IT,3,6.3,MongoDB; SQL,DSA with C++,4,1,91,54,74,81,90,1,Beginner,Database,Python Developer,Problem Solving; Teamwork,65,Git; REST API,Employed
1116,2025-26,Komal Thakur,2005-12-28,B.Tech CSE,4,8.3,SQL; MySQL; Python; Database Design,DSA with C++,2,4,73,70,53,72,70,2,Beginner,Database,Software Developer,Leadership; Problem Solving,66,DSA; Git,Job Seeking
1117,2025-26,Ayesha Yadav,2006-10-15,BCA,2,7.0,Python; Excel; SQL,Java Programming,2,1,52,68,89,69,69,1,Intermediate,Data Analytics,Software Developer,Problem Solving; Teamwork,59,DSA; OOP,Job Seeking
1118,2025-26,Aarav Soni,2004-11-27,B.Sc CS,2,8.4,Git; SQL; C++,DSA with C++,6,4,70,69,62,88,95,4,Beginner,Software Development,Cyber Security Analyst,Leadership; Problem Solving,80,Networking; SIEM,Job Seeking
1119,2025-26,Ankit Pawar,2003-08-25,B.Sc IT,5,9.3,Database Design; MongoDB; SQL; Python; MySQL,Java Programming,1,0,83,91,58,64,89,1,Intermediate,Database,Python Developer,Leadership; Communication,65,Django; Git,Employed
1120,2025-26,Neha Rathore,2004-10-09,B.Tech IT,3,7.5,React; JavaScript; HTML; CSS,Database Fundamentals,3,2,52,57,92,72,60,3,Intermediate,Web Development,Database Administrator,Problem Solving; Teamwork,64,Advanced SQL; Database Administration,Job Seeking
1121,2025-26,Mansi Rathore,2005-05-05,B.Sc IT,3,7.0,SQL; Java; DSA; C++,Java Programming,0,0,85,72,82,71,74,7,Intermediate,Software Development,Data Analyst,Teamwork; Time Management,63,Statistics; Advanced SQL,Employed
1122,2025-26,Manish Thakur,2006-09-24,B.Sc CS,3,9.1,MongoDB; SQL; Database Design; MySQL; Python,Python Web Development,1,3,91,85,79,76,53,6,Beginner,Database,Python Developer,Leadership; Problem Solving,74,Django; Git,Job Seeking
1123,2025-26,Rohan Mehta,2003-03-25,B.Tech CSE,5,9.0,Statistics; SQL; Pandas,AWS Cloud Practitioner,2,0,71,87,67,62,70,1,Advanced,Data Science,Web Developer,Leadership; Communication,63,React; JavaScript,Internship
1124,2025-26,Ankit Soni,2005-02-17,B.Sc IT,6,7.5,Linux; Git; AWS,Data Visualization,3,0,86,58,87,82,86,2,Beginner,Cloud Computing,Database Administrator,Communication; Teamwork,67,Advanced SQL; Backup & Recovery,Job Seeking
1125,2025-26,Aarav Joshi,2004-10-05,B.Tech IT,4,8.8,TensorFlow; Python; Pandas,Web Development,4,4,64,81,54,64,55,6,Advanced,AI/ML,Database Administrator,Presentation; Communication,74,Advanced SQL; Backup & Recovery,Internship
1126,2025-26,Abhishek Verma,2004-10-22,BCA,2,8.4,Python; Cyber Security,Java Programming,4,3,90,77,60,80,68,4,Advanced,Cyber Security,Database Administrator,Teamwork; Time Management,76,Database Administration; Backup & Recovery,Job Seeking
1127,2025-26,Raj Mishra,2003-11-21,BCA,3,7.4,Git; C++; DSA; Java; SQL,Python for Data Science,1,0,77,62,74,74,70,1,Advanced,Software Development,Data Analyst,Teamwork; Time Management,57,Advanced SQL; Statistics,Internship
1128,2025-26,Aditi Gupta,2006-09-15,B.Sc IT,6,9.0,Pandas; SQL,Data Visualization,3,0,51,85,60,51,62,2,Intermediate,Data Science,Cyber Security Analyst,Communication; Teamwork,62,SIEM; Linux,Job Seeking
1129,2025-26,Mohit Joshi,2005-12-11,B.Sc IT,2,6.8,TensorFlow; Python; Pandas; NumPy; Machine Learning,DSA with C++,0,3,50,66,52,95,52,2,Advanced,AI/ML,Python Developer,Leadership; Problem Solving,55,REST API; Git,Internship
1130,2025-26,Deepak Singh,2004-02-25,MCA,6,7.9,SQL; Statistics; Python; NumPy; Pandas,Data Visualization,2,1,64,71,47,83,75,0,Advanced,Data Science,Cloud Engineer,Leadership; Problem Solving,59,Docker; AWS,Internship
1131,2025-26,Yash Joshi,2003-12-12,B.Tech IT,5,6.2,Pandas; NumPy; Machine Learning,Python Web Development,4,2,56,48,80,68,86,2,Beginner,AI/ML,AI/ML Engineer,Problem Solving; Teamwork,62,Deep Learning; Statistics,Employed
1132,2025-26,Palak Gupta,2003-12-18,B.Tech CSE,2,7.9,SQL; MySQL; Python; MongoDB; Database Design,Machine Learning Fundamentals,1,2,92,65,76,59,45,4,Intermediate,Database,Cloud Engineer,Communication; Teamwork,63,Docker; AWS,Employed
1133,2025-26,Sneha Singh,2005-11-24,BCA,4,8.2,Networking; Python; Wireshark,SQL for Beginners,3,4,87,64,82,84,75,4,Advanced,Cyber Security,Database Administrator,Problem Solving; Teamwork,76,Backup & Recovery; Database Administration,Employed
1134,2025-26,Komal Soni,2003-03-05,B.Tech CSE,3,6.7,MySQL; SQL,SQL for Beginners,1,6,75,52,62,71,95,2,Beginner,Database,Database Administrator,Presentation; Communication,64,Database Administration; Backup & Recovery,Job Seeking
1135,2025-26,Anjali Mishra,2004-12-18,B.Tech IT,4,8.9,CSS; React,AWS Cloud Practitioner,1,6,62,81,68,88,71,1,Advanced,Web Development,AI/ML Engineer,Leadership; Problem Solving,70,Statistics; Deep Learning,Higher Studies
1136,2025-26,Mansi Tiwari,2004-10-22,B.Sc IT,5,7.4,React; JavaScript,Web Development,4,0,65,75,60,85,47,4,Beginner,Web Development,Data Analyst,Problem Solving; Teamwork,65,Power BI; Advanced SQL,Job Seeking
1137,2025-26,Ritik Mishra,2003-12-18,MCA,6,7.8,Java; DSA; SQL; Git; C++,SQL for Beginners,4,0,76,68,90,95,66,7,Beginner,Software Development,Web Developer,Problem Solving; Teamwork,74,REST API; React,Job Seeking
1138,2025-26,Isha Solanki,2006-10-26,MCA,6,7.0,Node.js; HTML; CSS,Python Web Development,4,1,80,71,79,56,47,7,Advanced,Web Development,AI/ML Engineer,Leadership; Problem Solving,67,TensorFlow; Statistics,Job Seeking
1139,2025-26,Kriti Gupta,2004-04-07,B.Tech IT,6,8.6,Wireshark; Networking; Python; Cyber Security,Power BI Data Analytics,4,2,51,87,46,89,81,3,Advanced,Cyber Security,Database Administrator,Leadership; Communication,72,Backup & Recovery; Database Administration,Employed
1140,2025-26,Neha Sharma,2004-07-05,B.Sc CS,6,8.2,Linux; Python; Cyber Security; Networking; Wireshark,Database Fundamentals,0,6,93,77,81,56,74,0,Advanced,Cyber Security,Software Developer,Communication; Teamwork,66,OOP; DSA,Employed
1141,2025-26,Muskan Singh,2003-12-12,BCA,3,6.4,Machine Learning; Python; NumPy,Web Development,5,3,51,56,58,63,85,7,Beginner,AI/ML,Software Developer,Teamwork; Time Management,68,Git; OOP,Job Seeking
1142,2025-26,Riya Solanki,2006-06-28,MCA,2,7.8,TensorFlow; Machine Learning; Python; NumPy; Pandas,Python Web Development,3,2,61,61,65,74,48,2,Intermediate,AI/ML,Data Analyst,Presentation; Communication,61,Power BI; Statistics,Job Seeking
1143,2025-26,Preeti Khan,2003-08-08,B.Sc CS,4,7.5,Statistics; NumPy; SQL; Pandas; Python,Power BI Data Analytics,4,4,73,58,76,85,51,2,Intermediate,Data Science,Software Developer,Leadership; Problem Solving,68,Git; DSA,Job Seeking
1144,2025-26,Ankit Gupta,2006-06-07,B.Tech CSE,3,7.6,CSS; React; JavaScript; Node.js,Web Development,0,1,77,76,90,74,90,2,Intermediate,Web Development,Software Developer,Problem Solving; Teamwork,64,OOP; Git,Job Seeking
1145,2025-26,Pooja Agarwal,2003-04-15,B.Tech CSE,3,6.0,Database Design; MongoDB; SQL; Python,Python Web Development,0,0,77,55,54,86,69,0,Advanced,Database,Data Scientist,Problem Solving; Teamwork,49,Machine Learning; Statistics,Internship
1146,2025-26,Naman Patel,2003-01-26,B.Sc CS,2,9.6,Excel; SQL; Power BI; Python,Power BI Data Analytics,4,4,74,89,79,57,78,5,Advanced,Data Analytics,AI/ML Engineer,Leadership; Communication,82,Deep Learning; TensorFlow,Job Seeking
1147,2025-26,Yash Thakur,2005-03-21,MCA,6,7.1,MongoDB; MySQL; Database Design,SQL for Beginners,3,0,89,68,73,83,64,4,Beginner,Database,Web Developer,Problem Solving; Teamwork,67,JavaScript; REST API,Employed
1148,2025-26,Anjali Rathore,2005-01-15,BCA,6,9.3,MySQL; SQL; Python; Database Design; MongoDB,Cyber Security Fundamentals,4,0,92,79,46,71,60,7,Beginner,Database,Cyber Security Analyst,Communication; Teamwork,72,Linux; SIEM,Job Seeking
1149,2025-26,Isha Mehta,2005-03-03,B.Tech IT,2,6.5,Pandas; Python; Machine Learning; NumPy,Java Programming,6,0,93,53,71,92,80,4,Beginner,AI/ML,Cloud Engineer,Problem Solving; Teamwork,70,AWS; Docker,Job Seeking
1150,2025-26,Isha Joshi,2003-12-17,B.Sc IT,4,8.7,Python; SQL,Python Web Development,5,0,89,87,66,75,68,7,Advanced,Data Science,Cyber Security Analyst,Presentation; Communication,77,Networking; Linux,Internship
1151,2025-26,Mohit Solanki,2006-01-10,B.Sc IT,5,6.8,Machine Learning; Python,Power BI Data Analytics,4,0,80,61,93,89,51,6,Advanced,AI/ML,Data Analyst,Teamwork; Time Management,69,Statistics; Power BI,Job Seeking
1152,2025-26,Manish Mishra,2004-01-13,MCA,5,8.3,Node.js; CSS; HTML; JavaScript; React,SQL for Beginners,3,6,76,75,52,72,55,3,Beginner,Web Development,Python Developer,Presentation; Communication,72,Git; Django,Internship
1153,2025-26,Neha Mehta,2003-06-27,B.Sc CS,2,6.7,C++; Java; SQL,AWS Cloud Practitioner,1,1,92,58,90,91,56,6,Intermediate,Software Development,Python Developer,Presentation; Communication,65,REST API; Django,Job Seeking
1154,2025-26,Arjun Singh,2006-12-10,B.Tech CSE,5,6.5,Linux; Docker; AWS; Git; Python,Web Development,3,6,71,61,57,92,85,6,Beginner,Cloud Computing,Cloud Engineer,Presentation; Communication,74,Docker; Linux,Job Seeking
1155,2025-26,Naman Mehta,2006-08-17,B.Tech CSE,4,6.7,Cyber Security; Wireshark,Database Fundamentals,3,3,70,60,67,76,95,3,Beginner,Cyber Security,Python Developer,Presentation; Communication,67,Django; Git,Internship
1156,2025-26,Raj Yadav,2005-06-18,B.Sc CS,2,9.6,Docker; Linux; AWS; Git,Java Programming,1,4,61,93,93,59,57,2,Beginner,Cloud Computing,Software Developer,Problem Solving; Teamwork,70,Git; DSA,Job Seeking
1157,2025-26,Yash Malviya,2005-09-08,B.Sc CS,5,9.7,Docker; AWS; Git; Linux,AWS Cloud Practitioner,1,3,67,85,75,52,61,3,Advanced,Cloud Computing,Web Developer,Presentation; Communication,68,React; JavaScript,Employed
1158,2025-26,Naman Gupta,2005-07-05,BCA,4,7.1,SQL; Database Design; MongoDB,Web Development,0,6,65,57,58,87,50,0,Intermediate,Database,Software Developer,Teamwork; Time Management,57,Git; DSA,Job Seeking
1159,2025-26,Sakshi Soni,2005-07-14,B.Sc IT,5,7.7,Python; Cyber Security; Wireshark; Linux; Networking,Web Development,3,3,83,66,93,59,81,0,Intermediate,Cyber Security,Data Scientist,Teamwork; Time Management,67,Machine Learning; Statistics,Job Seeking
1160,2025-26,Priya Tiwari,2003-05-19,BCA,6,7.7,Node.js; CSS; React; JavaScript,Cyber Security Fundamentals,0,3,81,59,61,72,88,6,Beginner,Web Development,AI/ML Engineer,Teamwork; Time Management,65,TensorFlow; Deep Learning,Job Seeking
1161,2025-26,Ayush Mehta,2004-10-12,B.Tech IT,3,7.4,Java; C++; DSA; Git,Cyber Security Fundamentals,6,4,51,69,57,82,46,1,Intermediate,Software Development,Data Scientist,Teamwork; Time Management,65,Statistics; Machine Learning,Higher Studies
1162,2025-26,Sneha Khan,2003-11-13,B.Sc CS,6,8.4,Cyber Security; Python; Linux; Wireshark; Networking,SQL for Beginners,0,0,94,76,54,66,64,1,Advanced,Cyber Security,Software Developer,Presentation; Communication,57,DSA; Git,Job Seeking
1163,2025-26,Neha Mishra,2004-07-05,B.Sc IT,4,8.8,Database Design; MySQL; Python; SQL,AWS Cloud Practitioner,6,0,94,78,73,66,80,6,Intermediate,Database,Data Analyst,Teamwork; Time Management,78,Power BI; Advanced SQL,Job Seeking
1164,2025-26,Varun Jain,2003-09-09,B.Tech CSE,4,9.5,Tableau; Power BI; Python; SQL; Excel,SQL for Beginners,5,0,62,86,90,52,48,5,Advanced,Data Analytics,Web Developer,Leadership; Communication,74,REST API; JavaScript,Job Seeking
1165,2025-26,Ritik Joshi,2003-05-20,B.Tech IT,5,6.5,Pandas; Python; NumPy; Machine Learning,AWS Cloud Practitioner,1,6,73,51,47,69,79,7,Intermediate,AI/ML,Cloud Engineer,Presentation; Communication,64,Linux; Docker,Job Seeking
1166,2025-26,Harsh Mishra,2004-03-27,B.Sc CS,6,6.5,AWS; Python,Power BI Data Analytics,1,4,75,55,49,72,50,0,Advanced,Cloud Computing,Cyber Security Analyst,Communication; Teamwork,53,Linux; Networking,Internship
1167,2025-26,Rohan Patel,2006-09-12,B.Sc IT,6,7.2,SQL; Git; DSA; C++,Data Visualization,4,1,74,68,62,50,62,4,Advanced,Software Development,Database Administrator,Leadership; Communication,64,Advanced SQL; Backup & Recovery,Job Seeking
1168,2025-26,Muskan Thakur,2003-06-21,MCA,2,6.7,MySQL; Database Design,Web Development,5,6,62,61,70,82,54,2,Intermediate,Database,Web Developer,Communication; Teamwork,70,REST API; JavaScript,Job Seeking
1169,2025-26,Pooja Mishra,2006-10-19,B.Sc IT,3,8.2,Python; Pandas; TensorFlow; Machine Learning,SQL for Beginners,2,4,65,76,57,68,88,7,Beginner,AI/ML,Python Developer,Leadership; Communication,72,Django; Git,Job Seeking
1170,2025-26,Aditya Yadav,2003-04-19,BCA,6,9.5,Power BI; Tableau,DSA with C++,2,6,77,92,92,51,72,6,Advanced,Data Analytics,AI/ML Engineer,Teamwork; Time Management,81,TensorFlow; Statistics,Job Seeking
1171,2025-26,Raj Joshi,2003-06-21,B.Tech IT,5,8.5,NumPy; Pandas; Python,Java Programming,5,4,93,74,67,81,57,0,Beginner,Data Science,Web Developer,Leadership; Problem Solving,73,JavaScript; REST API,Internship
1172,2025-26,Divya Agarwal,2004-03-19,B.Tech IT,2,8.4,Tableau; Power BI; Excel; SQL,Power BI Data Analytics,2,4,80,83,95,77,88,6,Advanced,Data Analytics,Python Developer,Problem Solving; Teamwork,80,REST API; Django,Job Seeking
1173,2025-26,Komal Yadav,2005-09-25,B.Sc CS,5,9.6,NumPy; Pandas; TensorFlow,SQL for Beginners,5,3,77,84,90,77,52,5,Intermediate,AI/ML,Data Analyst,Leadership; Problem Solving,82,Power BI; Statistics,Job Seeking
1174,2025-26,Riya Chouhan,2006-05-03,B.Tech IT,4,8.0,SQL; NumPy,DSA with C++,3,4,61,72,57,72,55,5,Intermediate,Data Science,Web Developer,Teamwork; Time Management,70,REST API; React,Job Seeking
1175,2025-26,Rohan Gupta,2005-02-18,B.Tech IT,6,7.9,Cyber Security; Wireshark,AWS Cloud Practitioner,1,1,51,76,69,71,69,7,Advanced,Cyber Security,Python Developer,Communication; Teamwork,64,REST API; Git,Job Seeking
1176,2025-26,Tanya Khan,2005-05-12,B.Tech CSE,5,9.2,SQL; Python; Pandas; NumPy; Statistics,Data Visualization,3,3,56,88,82,78,49,5,Beginner,Data Science,Cloud Engineer,Presentation; Communication,75,Docker; Linux,Job Seeking
1177,2025-26,Mohit Malviya,2005-10-17,MCA,4,8.2,Wireshark; Python; Networking; Linux; Cyber Security,Database Fundamentals,2,0,94,75,45,63,74,7,Beginner,Cyber Security,Software Developer,Teamwork; Time Management,66,OOP; DSA,Employed
1178,2025-26,Priya Jain,2004-02-02,BCA,5,9.0,Excel; Tableau; Power BI,Data Visualization,0,4,51,86,85,85,45,6,Advanced,Data Analytics,Data Analyst,Presentation; Communication,70,Advanced SQL; Statistics,Job Seeking
1179,2025-26,Aditya Pawar,2003-04-26,B.Tech IT,3,8.5,DSA; C++; Java; Git; SQL,Python for Data Science,0,4,64,68,61,92,45,3,Beginner,Software Development,Cloud Engineer,Presentation; Communication,63,Docker; Linux,Job Seeking
1180,2025-26,Anjali Mehta,2006-03-10,MCA,2,9.3,Pandas; Machine Learning,AWS Cloud Practitioner,4,3,94,85,66,76,54,2,Advanced,AI/ML,Data Scientist,Communication; Teamwork,75,Machine Learning; Statistics,Job Seeking
1181,2025-26,Aditi Yadav,2004-04-16,B.Tech CSE,5,7.1,Python; MySQL,DSA with C++,5,6,82,62,80,51,89,2,Beginner,Database,Web Developer,Presentation; Communication,74,JavaScript; REST API,Job Seeking
1182,2025-26,Vikas Pawar,2005-11-04,B.Tech CSE,5,9.0,Python; Database Design; MySQL,SQL for Beginners,6,0,62,89,62,89,75,0,Intermediate,Database,Cloud Engineer,Leadership; Communication,70,Docker; Linux,Job Seeking
1183,2025-26,Vivek Verma,2003-07-20,BCA,3,6.6,SQL; MongoDB; MySQL,Java Programming,6,0,76,60,54,71,60,0,Intermediate,Database,Web Developer,Problem Solving; Teamwork,58,JavaScript; React,Employed
1184,2025-26,Kavya Patel,2004-10-21,B.Sc IT,2,7.6,Python; Cyber Security; Networking,Python Web Development,4,0,50,63,70,89,68,4,Beginner,Cyber Security,Data Scientist,Teamwork; Time Management,66,Statistics; SQL,Job Seeking
1185,2025-26,Gaurav Mehta,2003-05-09,B.Sc CS,3,9.4,NumPy; Pandas; Statistics,DSA with C++,2,1,59,78,69,83,95,7,Intermediate,Data Science,Database Administrator,Presentation; Communication,73,Database Administration; Backup & Recovery,Job Seeking
1186,2025-26,Vikas Chouhan,2004-02-23,B.Sc IT,6,6.1,NumPy; Python; Pandas,AWS Cloud Practitioner,2,3,60,52,56,61,62,3,Beginner,AI/ML,Software Developer,Presentation; Communication,56,Git; OOP,Job Seeking
1187,2025-26,Abhishek Soni,2003-03-12,MCA,6,6.5,NumPy; TensorFlow; Python,Machine Learning Fundamentals,4,1,92,58,52,66,65,5,Intermediate,AI/ML,Database Administrator,Leadership; Communication,66,Advanced SQL; Backup & Recovery,Job Seeking
1188,2025-26,Harsh Patel,2003-10-18,B.Tech CSE,2,6.5,Machine Learning; NumPy,Python for Data Science,4,2,94,55,50,94,82,1,Intermediate,AI/ML,Data Scientist,Leadership; Problem Solving,65,Machine Learning; SQL,Internship
1189,2025-26,Harsh Rathore,2003-09-28,B.Sc IT,5,6.2,Linux; Git,Machine Learning Fundamentals,5,0,63,57,46,81,46,3,Intermediate,Cloud Computing,Cloud Engineer,Teamwork; Time Management,59,AWS; Docker,Job Seeking
1190,2025-26,Ayesha Joshi,2003-04-25,B.Tech CSE,6,9.2,Python; Docker,Cyber Security Fundamentals,0,2,74,76,63,94,77,5,Advanced,Cloud Computing,Database Administrator,Teamwork; Time Management,70,Database Administration; Backup & Recovery,Job Seeking
1191,2025-26,Aditi Joshi,2003-02-03,BCA,3,9.2,MySQL; MongoDB,Database Fundamentals,4,3,58,82,87,67,81,4,Advanced,Database,Software Developer,Leadership; Communication,78,OOP; DSA,Internship
1192,2025-26,Mohit Mehta,2005-09-16,B.Sc IT,6,8.1,DSA; C++; Java; Git,Machine Learning Fundamentals,6,4,86,79,93,87,64,5,Advanced,Software Development,Database Administrator,Problem Solving; Teamwork,83,Database Administration; Backup & Recovery,Job Seeking
1193,2025-26,Manish Tiwari,2003-03-14,B.Tech IT,6,6.1,Python; Pandas; SQL,Machine Learning Fundamentals,1,4,91,62,50,78,88,5,Beginner,Data Science,AI/ML Engineer,Problem Solving; Teamwork,67,TensorFlow; Deep Learning,Higher Studies
1194,2025-26,Gaurav Sharma,2006-06-23,B.Sc IT,5,7.1,JavaScript; HTML; CSS; React,Web Development,5,6,57,61,90,64,91,6,Beginner,Web Development,Cyber Security Analyst,Leadership; Problem Solving,79,Linux; SIEM,Job Seeking
1195,2025-26,Mansi Yadav,2004-05-25,B.Sc IT,6,6.9,Statistics; Python; SQL; NumPy,Cyber Security Fundamentals,6,2,95,55,88,81,50,1,Advanced,Data Science,Software Developer,Presentation; Communication,68,OOP; DSA,Job Seeking
1196,2025-26,Aditi Agarwal,2005-01-09,B.Tech CSE,6,9.1,Tableau; Python; Excel; SQL; Power BI,Data Visualization,6,4,67,88,90,71,56,7,Intermediate,Data Analytics,Cyber Security Analyst,Teamwork; Time Management,82,Linux; SIEM,Higher Studies
1197,2025-26,Dev Patel,2003-03-11,B.Tech CSE,6,9.5,Linux; Git; AWS,Web Development,4,0,95,93,61,59,61,7,Intermediate,Cloud Computing,Software Developer,Teamwork; Time Management,76,DSA; OOP,Internship
1198,2025-26,Ayush Yadav,2006-12-15,B.Sc IT,5,9.1,NumPy; Python; Pandas,Python for Data Science,4,4,60,79,59,73,45,1,Beginner,AI/ML,Database Administrator,Leadership; Problem Solving,68,Database Administration; Advanced SQL,Internship
1199,2025-26,Riya Joshi,2004-03-14,B.Sc CS,3,7.9,SQL; Git,Database Fundamentals,2,0,52,81,64,87,71,1,Beginner,Software Development,Database Administrator,Leadership; Problem Solving,61,Database Administration; Backup & Recovery,Job Seeking
1200,2025-26,Varun Thakur,2003-08-07,B.Sc CS,2,8.7,Excel; SQL; Tableau; Power BI; Python,Database Fundamentals,6,6,69,83,58,80,45,6,Advanced,Data Analytics,Software Developer,Leadership; Communication,80,DSA; OOP,Internship
